id,subscribers,is_user
announcements,202719824,False
funny,48108476,False
AskReddit,40249936,False
gaming,36492322,False
aww,33655974,False
Music,32043294,False
worldnews,31254656,False
todayilearned,31041441,False
movies,30617572,False
pics,29880182,False
science,29777181,False
Showerthoughts,26889380,False
videos,26681502,False
news,25945473,False
Jokes,25595814,False
memes,24756896,False
askscience,23801712,False
food,23259389,False
EarthPorn,23119664,False
space,22950242,False
IAmA,22449620,False
books,22329119,False
Art,22301174,False
DIY,22213881,False
nottheonion,22130650,False
explainlikeimfive,22104162,False
LifeProTips,21894053,False
mildlyinteresting,21832242,False
gifs,21607896,False
gadgets,21140247,False
sports,20617425,False
Documentaries,20330797,False
GetMotivated,19708294,False
dataisbeautiful,19412166,False
UpliftingNews,18933419,False
Futurology,18337953,False
tifu,18318248,False
photoshopbattles,18270824,False
listentothis,17831173,False
OldSchoolCool,17590591,False
history,17455189,False
philosophy,17177794,False
WritingPrompts,16777379,False
television,16727932,False
InternetIsBeautiful,16429364,False
creepy,14731226,False
technology,13944142,False
TwoXChromosomes,13525374,False
wholesomememes,13489118,False
interestingasfuck,11275009,False
lifehacks,10292666,False
Unexpected,9930231,False
NatureIsFuckingLit,9806886,False
AdviceAnimals,9746458,False
dadjokes,9304641,False
Damnthatsinteresting,9215103,False
oddlysatisfying,9171568,False
politics,8294112,False
nextfuckinglevel,7785629,False
AnimalsBeingDerps,7409199,False
MadeMeSmile,7402345,False
travel,7400485,False
pcmasterrace,7337913,False
Whatcouldgowrong,7335404,False
Minecraft,7257261,False
me_irl,7227855,False
facepalm,7006039,False
WTF,6975975,False
HistoryMemes,6888861,False
anime,6727116,False
AnimalsBeingBros,6520186,False
nba,6502213,False
buildapc,6264896,False
leagueoflegends,6242811,False
CryptoCurrency,6176475,False
BeAmazed,6174137,False
tattoos,6112997,False
ContagiousLaughter,5902373,False
dankmemes,5879181,False
therewasanattempt,5729283,False
Tinder,5727062,False
BlackPeopleTwitter,5632633,False
PS4,5601591,False
place,5460758,False
mildlyinfuriating,5458779,False
WatchPeopleDieInside,5427949,False
bestof,5361354,False
gardening,5318479,False
confession,5314854,False
programming,5278239,False
Awwducational,5165130,False
photography,5153741,False
Bitcoin,4863075,False
HumansBeingBros,4851477,False
YouShouldKnow,4761722,False
woodworking,4742770,False
itookapicture,4722099,False
rarepuppers,4666176,False
cars,4652295,False
Outdoors,4621389,False
BikiniBottomTwitter,4535709,False
NintendoSwitch,4498700,False
PublicFreakout,4476673,False
instant_regret,4462628,False
starterpacks,4455418,False
pokemon,4339653,False
Overwatch,4307611,False
europe,4299563,False
cats,4119739,False
soccer,4119337,False
IdiotsInCars,4101364,False
woahdude,4081274,False
KidsAreFuckingStupid,4057537,False
apple,4020776,False
HighQualityGifs,4018124,False
xboxone,4009947,False
Eyebleach,3976205,False
MovieDetails,3974040,False
nonononoyes,3907748,False
iphone,3810556,False
blackmagicfuckery,3795004,False
entertainment,3762500,False
learnprogramming,3750143,False
nfl,3700917,False
PewdiepieSubmissions,3576299,False
pettyrevenge,3568518,False
Animemes,3523165,False
MaliciousCompliance,3484043,False
unpopularopinion,3441788,False
HolUp,3408953,False
CrappyDesign,3380192,False
blursedimages,3367512,False
spaceporn,3362933,False
socialskills,3335499,False
cursedcomments,3314340,False
keto,3238030,False
coolguides,3222363,False
hardware,3194983,False
howto,3193607,False
Wellthatsucks,3188189,False
Games,3182137,False
Economics,3173252,False
DiWHY,3152257,False
OutOfTheLoop,3149128,False
raspberry_pi,3139872,False
pcgaming,3098761,False
marvelstudios,3076172,False
BetterEveryLoop,3031813,False
DnD,3007559,False
changemyview,2980567,False
PS5,2974026,False
formula1,2969348,False
assholedesign,2963674,False
yesyesyesyesno,2959906,False
MealPrepSunday,2950654,False
trashy,2928372,False
teenagers,2918487,False
WhitePeopleTwitter,2841611,False
Frugal,2834149,False
ProgrammerHumor,2831272,False
educationalgifs,2811257,False
MurderedByWords,2803218,False
ksi,2791921,False
atheism,2776732,False
DestinyTheGame,2753010,False
StarWars,2741736,False
rickandmorty,2708164,False
nevertellmetheodds,2702199,False
anime_irl,2681136,False
somethingimade,2676037,False
suggestmeabook,2619242,False
hacking,2610352,False
PeopleFuckingDying,2607105,False
MachineLearning,2602811,False
marvelmemes,2602102,False
oddlyterrifying,2575025,False
maybemaybemaybe,2521617,False
antiwork,2503615,False
youseeingthisshit,2444834,False
toptalent,2431693,False
Android,2425789,False
ChoosingBeggars,2420317,False
natureismetal,2410980,False
Design,2387098,False
PrequelMemes,2368124,False
technicallythetruth,2368097,False
meirl,2364851,False
hiphopheads,2354838,False
AbruptChaos,2341697,False
rareinsults,2333209,False
javascript,2322269,False
wow,2320307,False
Coronavirus,2285396,False
baseball,2271821,False
FortNiteBR,2244407,False
MapPorn,2242843,False
shitposting,2235353,False
apexlegends,2221214,False
investing,2212931,False
WhatsWrongWithYourDog,2196231,False
nintendo,2182373,False
Physics,2179141,False
teslamotors,2173596,False
compsci,2152394,False
homeautomation,2137044,False
SweatyPalms,2131747,False
comics,2128814,False
insanepeoplefacebook,2108255,False
CasualConversation,2107812,False
DunderMifflin,2101871,False
zelda,2093731,False
math,2051083,False
iamatotalpieceofshit,2036008,False
PUBATTLEGROUNDS,2022970,False
JusticeServed,2003851,False
mealtimevideos,1988146,False
Justrolledintotheshop,1969658,False
PremierLeague,1962417,False
audiophile,1953620,False
trees,1948414,False
LivestreamFail,1945645,False
hmmm,1945127,False
funnysigns,1941060,False
hiking,1930768,False
ATBGE,1912015,False
savedyouaclick,1899296,False
perfectlycutscreams,1871550,False
softwaregore,1847170,False
manga,1835760,False
chemistry,1830158,False
spacex,1828412,False
Genshin_Impact,1824135,False
motorcycles,1800338,False
FunnyAnimals,1792188,False
Steam,1784535,False
ThatsInsane,1783924,False
CatastrophicFailure,1773062,False
holdmycosmo,1766776,False
GlobalOffensive,1763388,False
OnePiece,1745646,False
AskHistorians,1739829,False
quityourbullshit,1730259,False
confusing_perspective,1719566,False
3Dprinting,1716429,False
comedyheaven,1702665,False
TIHI,1696254,False
carporn,1685923,False
RoomPorn,1681750,False
DesignPorn,1667914,False
povertyfinance,1667398,False
CasualUK,1651724,False
ProRevenge,1636692,False
canada,1630670,False
india,1614962,False
ADHD,1611843,False
iamverysmart,1610343,False
VALORANT,1597170,False
malelivingspace,1592424,False
productivity,1584054,False
thewalkingdead,1583855,False
PerfectTiming,1579021,False
PoliticalHumor,1572509,False
hockey,1571058,False
webdev,1552542,False
Amd,1544109,False
niceguys,1540654,False
cringepics,1515826,False
XboxSeriesX,1509702,False
StartledCats,1491382,False
psychology,1456552,False
clevercomebacks,1453554,False
AbsoluteUnits,1431682,False
southpark,1408503,False
unitedkingdom,1404690,False
greentext,1392913,False
Zoomies,1383873,False
environment,1380158,False
ArchitecturePorn,1375508,False
gtaonline,1372474,False
CombatFootage,1361510,False
vinyl,1345285,False
cringe,1343187,False
getdisciplined,1339559,False
Twitch,1326735,False
ShingekiNoKyojin,1325783,False
thalassophobia,1298928,False
privacy,1296563,False
4chan,1293925,False
nvidia,1292094,False
business,1288002,False
theydidthemath,1263258,False
simpleliving,1258251,False
suspiciouslyspecific,1257476,False
TheLastAirbender,1255027,False
HumansAreMetal,1254374,False
Simulated,1233460,False
pornID,1220079,False
vegan,1219261,False
PraiseTheCameraMan,1214730,False
freefolk,1212830,False
ANormalDayInRussia,1211345,False
BeforeNAfterAdoption,1207883,False
startups,1197758,False
MechanicalKeyboards,1181953,False
AmateurRoomPorn,1181239,False
DotA2,1173655,False
DidntKnowIWantedThat,1170457,False
Terraria,1158959,False
ShitPostCrusaders,1155667,False
france,1151884,False
chemicalreactiongifs,1150747,False
australia,1148866,False
EngineeringPorn,1140997,False
aviation,1140741,False
Naruto,1134658,False
MostBeautiful,1134399,False
MakeMeSuffer,1134102,False
worldbuilding,1117668,False
FellowKids,1115931,False
thisismylifenow,1115722,False
Python,1112499,False
nostalgia,1112410,False
Catswithjobs,1097734,False
Piracy,1097289,False
BrandNewSentence,1096226,False
oldpeoplefacebook,1077895,False
agedlikemilk,1077554,False
StrangerThings,1076967,False
graphic_design,1068388,False
IllegallySmolCats,1063316,False
whatsthisplant,1063033,False
OnePunchMan,1060710,False
cyberpunkgame,1060507,False
de,1059082,False
gamedev,1052371,False
discordapp,1048180,False
im14andthisisdeep,1043534,False
okbuddyretard,1037463,False
reddeadredemption,1032774,False
wholesomegifs,1015907,False
lego,1012135,False
crappyoffbrands,1007600,False
ThingsCutInHalfPorn,1003782,False
lgbt,1002159,False
sciencememes,992707,False
economy,982545,False
ihadastroke,975954,False
TalesFromRetail,975880,False
blender,972760,False
yesyesyesno,965970,False
UNBGBBIIVCHIDCTIICBG,964433,False
ThatLookedExpensive,959259,False
dankvideos,957135,False
StupidFood,955917,False
tennis,953675,False
LeopardsAteMyFace,943374,False
antimeme,934740,False
WeWantPlates,929706,False
AccidentalRenaissance,921643,False
britishproblems,904764,False
london,904133,False
mechanical_gifs,900207,False
Breath_of_the_Wild,900083,False
SubredditDrama,895275,False
UFOs,894644,False
bonehurtingjuice,892763,False
GameDeals,892655,False
fffffffuuuuuuuuuuuu,889380,False
smashbros,888735,False
Justfuckmyshitup,886039,False
FunnyandSad,886027,False
Minecraftbuilds,882012,False
dogswithjobs,879369,False
gamernews,873640,False
weed,864592,False
IASIP,860707,False
ukraine,860311,False
QuotesPorn,857041,False
blunderyears,851871,False
ScottishPeopleTwitter,843854,False
LateStageCapitalism,837508,False
dankchristianmemes,826130,False
lotr,820856,False
linux,814116,False
NoahGetTheBoat,807568,False
electronics,802887,False
OSHA,783580,False
Cyberpunk,783129,False
sysadmin,780000,False
CrazyIdeas,778225,False
ffxiv,777547,False
ABoringDystopia,773946,False
Pareidolia,771605,False
engrish,760887,False
AskOuija,758840,False
suicidebywords,758194,False
Repsneakers,754961,False
futurama,753737,False
seduction,753663,False
web_design,753561,False
SquaredCircle,740816,False
playstation,730961,False
EngineeringStudents,727832,False
formuladank,727020,False
bjj,719391,False
LSD,716458,False
brooklynninenine,709603,False
JusticePorn,704272,False
RetroFuturism,703617,False
nyc,701646,False
LearnUselessTalents,698438,False
learnpython,696557,False
WorkReform,675298,False
DataHoarder,673929,False
ImaginaryLandscapes,673084,False
perfectloops,667931,False
ich_iel,665721,False
shittyrobots,664617,False
PandR,662799,False
Buddhism,660207,False
thanosdidnothingwrong,656747,False
HighStrangeness,653675,False
lostredditors,638015,False
SelfAwarewolves,636785,False
technews,634854,False
LosAngeles,630814,False
disneyvacation,623090,False
HongKong,610291,False
labrats,607084,False
pussypassdenied,602583,False
Gamingcirclejerk,600098,False
ketorecipes,596696,False
FreeKarma4U,585702,False
Funnymemes,581011,False
community,580710,False
geek,579982,False
shrooms,579560,False
LiminalSpace,576925,False
PoliticalCompassMemes,571437,False
vexillology,569267,False
h3h3productions,562753,False
homelab,559273,False
rupaulsdragrace,556288,False
arduino,553945,False
popping,552018,False
tech,546887,False
Anticonsumption,546447,False
Bad_Cop_No_Donut,542342,False
submechanophobia,537022,False
cute,534559,False
ClashOfClans,533448,False
firstworldanarchists,521567,False
dontyouknowwhoiam,518880,False
Stoicism,518784,False
SandersForPresident,517728,False
bayarea,515507,False
TheMandalorianTV,513056,False
sweden,511956,False
doctorwho,504481,False
