id,subscribers,num_posts,num_users,is_user
r/announcements,202719824,138,21,False
r/funny,48108476,60,17,False
r/AskReddit,40249936,13,4,False
r/gaming,36492322,75,22,False
r/aww,33655974,112,31,False
r/Music,32043294,145,37,False
r/worldnews,31254656,133,37,False
r/todayilearned,31041441,114,39,False
r/movies,30617572,252,35,False
r/pics,29880182,72,24,False
r/science,29777181,395,44,False
r/Showerthoughts,26889380,12,6,False
r/videos,26681502,37,17,False
r/news,25945473,118,45,False
r/Jokes,25595814,85,21,False
r/memes,24756896,97,34,False
r/askscience,23801712,29,7,False
r/food,23259389,110,39,False
r/EarthPorn,23119664,231,68,False
r/space,22950242,231,52,False
r/IAmA,22449620,115,47,False
r/books,22329119,134,28,False
r/Art,22301174,140,47,False
r/DIY,22213881,84,28,False
r/nottheonion,22130650,63,25,False
r/explainlikeimfive,22104162,8,3,False
r/LifeProTips,21894053,40,16,False
r/mildlyinteresting,21832242,6,3,False
r/gifs,21607896,195,50,False
r/gadgets,21140247,392,47,False
r/sports,20617425,230,33,False
r/Documentaries,20330797,104,40,False
r/GetMotivated,19708294,163,37,False
r/dataisbeautiful,19412166,207,60,False
r/UpliftingNews,18933419,172,42,False
r/blog,18855230,435,37,False
r/Futurology,18337953,358,40,False
r/tifu,18318248,15,7,False
r/photoshopbattles,18270824,74,28,False
r/listentothis,17831173,31,14,False
r/OldSchoolCool,17590591,70,28,False
r/personalfinance,17515502,49,19,False
r/history,17455189,165,42,False
r/philosophy,17177794,343,31,False
r/WritingPrompts,16777379,81,35,False
r/television,16727932,229,47,False
r/InternetIsBeautiful,16429364,41,19,False
r/creepy,14731226,124,27,False
r/technology,13944142,253,64,False
r/TwoXChromosomes,13525374,163,19,False
r/wholesomememes,13489118,86,34,False
r/interestingasfuck,11275009,146,47,False
r/lifehacks,10292666,94,29,False
r/Unexpected,9930231,113,43,False
r/NatureIsFuckingLit,9806886,270,59,False
r/AdviceAnimals,9746458,85,31,False
r/dadjokes,9304641,151,32,False
r/Damnthatsinteresting,9215103,172,62,False
r/oddlysatisfying,9171568,140,39,False
r/politics,8294112,254,74,False
r/nextfuckinglevel,7785629,114,40,False
r/AnimalsBeingDerps,7409199,143,49,False
r/MadeMeSmile,7402345,156,55,False
r/travel,7400485,74,29,False
r/pcmasterrace,7337913,44,14,False
r/Whatcouldgowrong,7335404,64,26,False
r/Minecraft,7257261,96,36,False
r/me_irl,7227855,88,29,False
r/facepalm,7006039,173,41,False
r/WTF,6975975,53,21,False
r/HistoryMemes,6888861,71,27,False
r/anime,6727116,258,42,False
r/AnimalsBeingBros,6520186,182,35,False
r/nba,6502213,266,56,False
r/buildapc,6264896,31,11,False
r/leagueoflegends,6242811,76,29,False
r/CryptoCurrency,6176475,162,50,False
r/BeAmazed,6174137,221,47,False
r/tattoos,6112997,43,15,False
r/AnimalsBeingJerks,5939102,121,38,False
r/ContagiousLaughter,5902373,59,22,False
r/dankmemes,5879181,135,40,False
r/therewasanattempt,5729283,101,37,False
r/Tinder,5727062,24,11,False
r/BlackPeopleTwitter,5632633,195,55,False
r/PS4,5601591,133,36,False
r/place,5460758,55,22,False
r/mildlyinfuriating,5458779,6,2,False
r/WatchPeopleDieInside,5427949,160,52,False
r/bestof,5361354,73,13,False
r/gardening,5318479,54,21,False
r/confession,5314854,4,2,False
r/programming,5278239,116,40,False
r/Awwducational,5165130,283,52,False
r/photography,5153741,91,35,False
r/Bitcoin,4863075,77,28,False
r/HumansBeingBros,4851477,82,30,False
r/YouShouldKnow,4761722,46,19,False
r/woodworking,4742770,111,36,False
r/itookapicture,4722099,116,43,False
r/trippinthroughtime,4704104,400,40,False
r/rarepuppers,4666176,154,42,False
r/cars,4652295,104,37,False
r/Outdoors,4621389,133,44,False
r/BikiniBottomTwitter,4535709,96,36,False
r/NintendoSwitch,4498700,129,32,False
r/PublicFreakout,4476673,167,55,False
r/instant_regret,4462628,270,47,False
r/starterpacks,4455418,67,30,False
r/pokemon,4339653,100,31,False
r/Overwatch,4307611,91,24,False
r/europe,4299563,109,33,False
r/cats,4119739,37,17,False
r/soccer,4119337,189,48,False
r/IdiotsInCars,4101364,55,21,False
r/woahdude,4081274,152,41,False
r/KidsAreFuckingStupid,4057537,85,32,False
r/apple,4020776,189,51,False
r/HighQualityGifs,4018124,394,64,False
r/xboxone,4009947,84,30,False
r/Eyebleach,3976205,261,48,False
r/MovieDetails,3974040,162,26,False
r/reactiongifs,3923439,155,49,False
r/nonononoyes,3907748,112,32,False
r/iphone,3810556,70,28,False
r/blackmagicfuckery,3795004,103,35,False
r/entertainment,3762500,354,57,False
r/learnprogramming,3750143,70,25,False
r/nfl,3700917,235,68,False
r/PewdiepieSubmissions,3576299,62,23,False
r/pettyrevenge,3568518,20,10,False
r/Animemes,3523165,221,55,False
r/MaliciousCompliance,3484043,21,10,False
r/unpopularopinion,3441788,14,7,False
r/HolUp,3408953,77,29,False
r/CrappyDesign,3380192,4,2,False
r/blursedimages,3367512,61,26,False
r/spaceporn,3362933,250,66,False
r/socialskills,3335499,76,28,False
r/cursedcomments,3314340,16,8,False
r/keto,3238030,110,42,False
r/coolguides,3222363,60,25,False
r/hardware,3194983,239,57,False
r/howto,3193607,241,66,False
r/Wellthatsucks,3188189,44,16,False
r/Games,3182137,158,37,False
r/Economics,3173252,265,64,False
r/DiWHY,3152257,36,17,False
r/OutOfTheLoop,3149128,20,10,False
r/raspberry_pi,3139872,79,29,False
r/pcgaming,3098761,178,37,False
r/marvelstudios,3076172,128,39,False
r/BetterEveryLoop,3031813,212,45,False
r/DnD,3007559,251,45,False
r/changemyview,2980567,29,13,False
r/PS5,2974026,204,44,False
r/formula1,2969348,191,38,False
r/assholedesign,2963674,9,4,False
r/yesyesyesyesno,2959906,107,26,False
r/MealPrepSunday,2950654,96,28,False
r/trashy,2928372,45,20,False
r/teenagers,2918487,29,10,False
r/WhitePeopleTwitter,2841611,232,52,False
r/Frugal,2834149,30,14,False
r/ProgrammerHumor,2831272,55,24,False
r/educationalgifs,2811257,301,46,False
r/MurderedByWords,2803218,265,16,False
r/ksi,2791921,71,31,False
r/atheism,2776732,284,29,False
r/DestinyTheGame,2753010,71,29,False
r/StarWars,2741736,67,26,False
r/rickandmorty,2708164,55,22,False
r/nevertellmetheodds,2702199,84,19,False
r/anime_irl,2681136,155,36,False
r/somethingimade,2676037,118,44,False
r/suggestmeabook,2619242,24,12,False
r/astrophotography,2617655,241,72,False
r/hacking,2610352,129,40,False
r/PeopleFuckingDying,2607105,103,32,False
r/MachineLearning,2602811,208,54,False
r/marvelmemes,2602102,112,38,False
r/oddlyterrifying,2575025,73,25,False
r/ThriftStoreHauls,2523701,62,25,False
r/maybemaybemaybe,2521617,273,48,False
r/antiwork,2503615,64,25,False
r/youseeingthisshit,2444834,160,38,False
r/toptalent,2431693,173,40,False
r/Android,2425789,129,40,False
r/ChoosingBeggars,2420317,26,13,False
r/natureismetal,2410980,234,48,False
r/Design,2387098,128,48,False
r/PrequelMemes,2368124,88,32,False
r/technicallythetruth,2368097,62,21,False
r/meirl,2364851,261,63,False
r/hiphopheads,2354838,114,38,False
r/AbruptChaos,2341697,105,40,False
r/rareinsults,2333209,39,15,False
r/instantkarma,2325458,124,33,False
r/javascript,2322269,157,44,False
r/wow,2320307,43,19,False
r/Coronavirus,2285396,217,70,False
r/baseball,2271821,235,42,False
r/FortNiteBR,2244407,80,30,False
r/MapPorn,2242843,88,34,False
r/shitposting,2235353,124,47,False
r/apexlegends,2221214,59,21,False
r/investing,2212931,180,55,False
r/WhatsWrongWithYourDog,2196231,146,33,False
r/nintendo,2182373,163,43,False
r/Physics,2179141,172,59,False
r/teslamotors,2173596,86,31,False
r/compsci,2152394,153,41,False
r/homeautomation,2137044,131,51,False
r/SweatyPalms,2131747,130,39,False
r/comics,2128814,391,59,False
r/insanepeoplefacebook,2108255,80,27,False
r/CasualConversation,2107812,18,9,False
r/DunderMifflin,2101871,64,26,False
r/zelda,2093731,124,42,False
r/math,2051083,104,39,False
r/iamatotalpieceofshit,2036008,33,16,False
r/PUBATTLEGROUNDS,2022970,74,23,False
r/EDM,2014923,147,48,False
r/JusticeServed,2003851,116,39,False
r/mealtimevideos,1988146,178,45,False
r/Justrolledintotheshop,1969658,48,23,False
r/PremierLeague,1962417,186,52,False
r/audiophile,1953620,89,36,False
r/trees,1948414,65,16,False
r/LivestreamFail,1945645,88,34,False
r/hmmm,1945127,114,31,False
r/funnysigns,1941060,180,45,False
r/hiking,1930768,73,31,False
r/conspiracy,1924354,128,43,False
r/ATBGE,1912015,21,10,False
r/hearthstone,1902331,78,31,False
r/savedyouaclick,1899296,115,42,False
r/perfectlycutscreams,1871550,46,21,False
r/BiggerThanYouThought,1865360,298,62,False
r/softwaregore,1847170,8,4,False
r/AnimalCrossing,1841259,76,30,False
r/manga,1835760,325,49,False
r/chemistry,1830158,122,42,False
r/spacex,1828412,333,65,False
r/Genshin_Impact,1824135,186,70,False
r/Eldenring,1815682,50,22,False
r/motorcycles,1800338,67,29,False
r/FunnyAnimals,1792188,248,56,False
r/fightporn,1788516,145,44,False
r/Steam,1784535,37,14,False
r/ThatsInsane,1783924,252,43,False
r/CatastrophicFailure,1773062,116,35,False
r/holdmycosmo,1766776,209,41,False
r/GlobalOffensive,1763388,67,29,False
r/MemeEconomy,1761528,132,29,False
r/OnePiece,1745646,208,53,False
r/AskHistorians,1739829,91,29,False
r/quityourbullshit,1730259,74,15,False
r/confusing_perspective,1719566,39,15,False
r/3Dprinting,1716429,117,44,False
r/comedyheaven,1702665,55,21,False
r/TIHI,1696254,79,31,False
r/carporn,1685923,175,53,False
r/RoomPorn,1681750,359,34,False
r/ShittyLifeProTips,1679813,86,35,False
r/DesignPorn,1667914,70,21,False
r/povertyfinance,1667398,85,28,False
r/CasualUK,1651724,55,22,False
r/ProRevenge,1636692,35,15,False
r/canada,1630670,137,35,False
r/india,1614962,158,50,False
r/ADHD,1611843,31,12,False
r/iamverysmart,1610343,3,1,False
r/TikTokCringe,1598696,245,54,False
r/VALORANT,1597170,61,23,False
r/malelivingspace,1592424,51,24,False
r/productivity,1584054,124,45,False
r/thewalkingdead,1583855,83,27,False
r/PerfectTiming,1579021,73,19,False
r/PoliticalHumor,1572509,195,57,False
r/hockey,1571058,172,47,False
r/webdev,1552542,148,46,False
r/Amd,1544109,73,31,False
r/lotrmemes,1540974,88,31,False
r/niceguys,1540654,8,4,False
r/cringepics,1515826,33,12,False
r/XboxSeriesX,1509702,125,37,False
r/KerbalSpaceProgram,1491517,195,42,False
r/StartledCats,1491382,160,43,False
r/FuckYouKaren,1473893,93,39,False
r/psychology,1456552,373,44,False
r/clevercomebacks,1453554,173,33,False
r/BuyItForLife,1449985,46,20,False
r/skyrim,1445471,65,19,False
r/2meirl4meirl,1434946,127,41,False
r/AbsoluteUnits,1431682,49,18,False
r/southpark,1408503,53,23,False
r/unitedkingdom,1404690,251,62,False
r/greentext,1392913,89,26,False
r/Zoomies,1383873,122,29,False
r/environment,1380158,289,58,False
r/ArchitecturePorn,1375508,252,55,False
r/gtaonline,1372474,80,26,False
r/CombatFootage,1361510,278,64,False
r/vinyl,1345285,65,27,False
r/cringe,1343187,70,21,False
r/getdisciplined,1339559,156,42,False
r/Twitch,1326735,39,16,False
r/ShingekiNoKyojin,1325783,158,51,False
r/thalassophobia,1298928,36,15,False
r/privacy,1296563,154,43,False
r/4chan,1293925,65,27,False
r/nvidia,1292094,73,25,False
r/business,1288002,298,53,False
r/tumblr,1284716,207,47,False
r/AnimalTextGifs,1265597,287,60,False
r/theydidthemath,1263258,22,11,False
r/simpleliving,1258251,113,40,False
r/suspiciouslyspecific,1257476,84,30,False
r/gifsthatkeepongiving,1255374,220,41,False
r/TheLastAirbender,1255027,155,59,False
r/HumansAreMetal,1254374,109,33,False
r/self,1236796,45,22,False
r/Simulated,1233460,313,78,False
r/pornID,1220079,74,23,False
r/vegan,1219261,182,33,False
r/PraiseTheCameraMan,1214730,80,23,False
r/freefolk,1212830,70,30,False
r/ANormalDayInRussia,1211345,167,55,False
r/BeforeNAfterAdoption,1207883,56,26,False
r/UrbanHell,1198818,111,33,False
r/startups,1197758,114,35,False
r/PornhubComments,1196010,47,21,False
r/MechanicalKeyboards,1181953,90,33,False
r/AmateurRoomPorn,1181239,63,28,False
r/DotA2,1173655,102,25,False
r/DidntKnowIWantedThat,1170457,110,46,False
r/Terraria,1158959,128,45,False
r/ShitPostCrusaders,1155667,152,42,False
r/france,1151884,128,46,False
r/chemicalreactiongifs,1150747,198,36,False
r/australia,1148866,116,31,False
r/beta,1147357,64,25,False
r/EngineeringPorn,1140997,230,46,False
r/aviation,1140741,127,44,False
r/Naruto,1134658,122,44,False
r/MostBeautiful,1134399,404,31,False
r/MakeMeSuffer,1134102,30,15,False
r/FUCKYOUINPARTICULAR,1129713,47,18,False
r/worldbuilding,1117668,220,62,False
r/wheredidthesodago,1117426,361,47,False
r/fakehistoryporn,1116236,50,19,False
r/FellowKids,1115931,14,7,False
r/thisismylifenow,1115722,281,29,False
r/bigtiddygothgf,1112809,398,57,False
r/Python,1112499,104,43,False
r/nostalgia,1112410,64,27,False
r/Catswithjobs,1097734,95,35,False
r/Piracy,1097289,72,31,False
r/BrandNewSentence,1096226,116,31,False
r/evilbuildings,1084637,366,14,False
r/tippytaps,1081097,93,28,False
r/shittyaskscience,1078421,42,18,False
r/oldpeoplefacebook,1077895,4,2,False
r/agedlikemilk,1077554,9,4,False
r/StrangerThings,1076967,94,36,False
r/graphic_design,1068388,132,42,False
r/IllegallySmolCats,1063316,95,32,False
r/whatsthisplant,1063033,14,7,False
r/OnePunchMan,1060710,254,51,False
r/cyberpunkgame,1060507,67,25,False
r/de,1059082,157,34,False
r/gamedev,1052371,180,57,False
r/discordapp,1048180,60,21,False
r/im14andthisisdeep,1043534,4,2,False
r/okbuddyretard,1037463,85,36,False
r/reddeadredemption,1032774,72,28,False
r/TheDepthsBelow,1029703,272,44,False
r/wholesomegifs,1015907,280,48,False
r/lego,1012135,79,25,False
r/crappyoffbrands,1007600,17,8,False
r/ThingsCutInHalfPorn,1003782,245,43,False
r/lgbt,1002159,112,32,False
r/sciencememes,992707,142,49,False
r/economy,982545,393,53,False
r/cscareerquestions,977693,44,19,False
r/ihadastroke,975954,12,6,False
r/TalesFromRetail,975880,69,31,False
r/blender,972760,140,50,False
r/confidentlyincorrect,971068,48,19,False
r/yesyesyesno,965970,70,27,False
r/UNBGBBIIVCHIDCTIICBG,964433,258,47,False
r/witcher,963389,132,49,False
r/reddit.com,960428,20,9,False
r/ThatLookedExpensive,959259,81,29,False
r/dankvideos,957135,224,71,False
r/StupidFood,955917,64,20,False
r/shittymoviedetails,954480,117,30,False
r/tennis,953675,211,58,False
r/LeopardsAteMyFace,943374,115,32,False
r/antimeme,934740,41,18,False
r/OopsDidntMeanTo,933748,19,3,False
r/Fallout,930575,47,19,False
r/WeWantPlates,929706,2,1,False
r/AccidentalRenaissance,921643,32,8,False
r/britishproblems,904764,63,26,False
r/london,904133,77,32,False
r/mechanical_gifs,900207,334,54,False
r/Breath_of_the_Wild,900083,97,38,False
r/SubredditDrama,895275,186,41,False
r/UFOs,894644,163,39,False
r/bonehurtingjuice,892763,50,17,False
r/GameDeals,892655,291,61,False
r/fffffffuuuuuuuuuuuu,889380,146,49,False
r/smashbros,888735,115,38,False
r/Justfuckmyshitup,886039,33,14,False
r/FunnyandSad,886027,155,44,False
r/Minecraftbuilds,882012,239,68,False
r/dogswithjobs,879369,87,27,False
r/gamernews,873640,303,46,False
r/intermittentfasting,868309,164,63,False
r/weed,864592,82,24,False
r/IASIP,860707,69,19,False
r/ukraine,860311,249,80,False
r/QuotesPorn,857041,168,53,False
r/blunderyears,851871,12,6,False
r/ScottishPeopleTwitter,843854,200,55,False
r/DadReflexes,842035,132,28,False
r/LateStageCapitalism,837508,152,43,False
r/dankchristianmemes,826130,51,21,False
r/whitepeoplegifs,821234,370,38,False
r/lotr,820856,114,35,False
r/linux,814116,95,36,False
r/funnyvideos,812265,231,75,False
r/Mommit,811446,93,35,False
r/AMA,811371,18,7,False
r/NoahGetTheBoat,807568,76,30,False
r/electronics,802887,163,52,False
r/notinteresting,785239,50,16,False
r/OSHA,783580,49,19,False
r/Cyberpunk,783129,142,49,False
r/PenmanshipPorn,782815,105,26,False
r/sysadmin,780000,85,35,False
r/CrazyIdeas,778225,44,18,False
r/ffxiv,777547,128,34,False
r/ABoringDystopia,773946,74,26,False
r/Pareidolia,771605,51,20,False
r/talesfromtechsupport,765381,129,41,False
r/engrish,760887,33,15,False
r/AskOuija,758840,54,19,False
r/suicidebywords,758194,33,12,False
r/Repsneakers,754961,111,41,False
r/futurama,753737,60,20,False
r/seduction,753663,155,44,False
r/web_design,753561,126,37,False
r/holdmyjuicebox,745395,209,50,False
r/SquaredCircle,740816,174,50,False
r/OneSecondBeforeDisast,737743,182,45,False
r/playstation,730961,62,25,False
r/EngineeringStudents,727832,81,30,False
r/Kanye,727245,54,23,False
r/formuladank,727020,92,36,False
r/bjj,719391,126,49,False
r/LSD,716458,107,38,False
r/brooklynninenine,709603,110,39,False
r/JusticePorn,704272,38,17,False
r/RetroFuturism,703617,183,48,False
r/nyc,701646,97,34,False
r/LearnUselessTalents,698438,139,41,False
r/learnpython,696557,104,30,False
r/jacksepticeye,696032,56,25,False
r/WorkReform,675298,236,39,False
r/DataHoarder,673929,95,34,False
r/ImaginaryLandscapes,673084,364,38,False
r/perfectloops,667931,195,48,False
r/ich_iel,665721,144,46,False
r/shittyrobots,664617,91,33,False
r/PandR,662799,195,19,False
r/CatsStandingUp,662279,205,51,False
r/Buddhism,660207,117,42,False
r/thanosdidnothingwrong,656747,85,27,False
r/HighStrangeness,653675,187,46,False
r/GymMemes,652154,223,59,False
r/ihavesex,642078,15,7,False
r/Catswhoyell,639275,60,27,False
r/lostredditors,638015,24,12,False
r/SelfAwarewolves,636785,47,21,False
r/germany,636581,80,32,False
r/technews,634854,337,61,False
r/LosAngeles,630814,114,39,False
r/AmongUs,624561,75,27,False
r/disneyvacation,623090,197,49,False
r/StoppedWorking,617857,208,32,False
r/woof_irl,612609,169,50,False
r/HongKong,610291,287,53,False
r/labrats,607084,182,55,False
r/pussypassdenied,602583,100,37,False
r/Gamingcirclejerk,600098,57,25,False
r/ketorecipes,596696,196,49,False
r/blackpeoplegifs,586304,367,47,False
r/FreeKarma4U,585702,45,11,False
r/Funnymemes,581011,212,70,False
r/community,580710,153,41,False
r/geek,579982,300,27,False
r/shrooms,579560,89,27,False
r/LiminalSpace,576925,52,21,False
r/PoliticalCompassMemes,571437,95,33,False
r/MilitaryPorn,571395,251,58,False
r/vexillology,569267,66,28,False
r/AteTheOnion,563296,47,18,False
r/h3h3productions,562753,29,13,False
r/homelab,559273,44,19,False
r/rupaulsdragrace,556288,159,54,False
r/arduino,553945,147,56,False
r/popping,552018,85,39,False
r/tech,546887,341,55,False
r/Anticonsumption,546447,87,32,False
r/Bad_Cop_No_Donut,542342,159,45,False
r/submechanophobia,537022,74,30,False
r/cute,534559,200,62,False
r/ClashOfClans,533448,75,32,False
r/firstworldanarchists,521567,31,14,False
r/LeagueOfMemes,518915,101,35,False
r/dontyouknowwhoiam,518880,77,16,False
r/Stoicism,518784,143,46,False
r/SandersForPresident,517728,268,44,False
r/bayarea,515507,138,39,False
r/TheMandalorianTV,513056,107,45,False
r/sweden,511956,137,31,False
r/doctorwho,504481,125,42,False
r/PropagandaPosters,494205,215,60,False
r/assassinscreed,493613,167,53,False
r/TheSimpsons,493061,81,35,False
r/coding,490260,257,37,False
r/Thisismylifemeow,485077,243,42,False
r/KenM,482548,241,54,False
r/attackontitan,479024,173,50,False
r/poland,477867,118,36,False
r/collapse,476177,173,50,False
r/whenthe,476067,183,50,False
r/WatchandLearn,475687,403,36,False
r/196,475069,114,40,False
r/marketing,474996,140,39,False
r/cordcutters,470816,304,38,False
r/circlejerk,469720,71,22,False
r/netsec,469290,129,48,False
r/SequelMemes,468256,102,31,False
r/AdPorn,466917,172,46,False
r/castiron,462683,56,20,False
r/Military,461343,157,45,False
r/AccidentalRacism,460297,20,9,False
r/cybersecurity,460101,180,53,False
r/toastme,458984,44,20,False
r/MEOW_IRL,455935,215,53,False
r/beer,449537,184,35,False
r/13or30,448762,17,8,False
r/ToiletPaperUSA,443908,177,43,False
r/AskMenOver30,443239,122,44,False
r/starwarsmemes,441602,120,39,False
r/Neverbrokeabone,439792,17,8,False
r/EverythingScience,436766,372,64,False
r/catsareliquid,435830,76,25,False
r/socialism,435266,149,52,False
r/ComedyNecrophilia,432095,140,46,False
r/engineering,429587,141,42,False
r/AnarchyChess,428747,99,21,False
r/unixporn,427321,183,56,False
r/Blep,425976,39,14,False
r/RimWorld,424682,171,43,False
r/BritishSuccess,423824,60,25,False
r/UkrainianConflict,421231,299,67,False
r/StarWarsBattlefront,420074,123,43,False
r/Angryupvote,417240,103,36,False
r/outrun,407764,118,27,False
r/Badfaketexts,404052,42,19,False
r/lakers,401627,205,69,False
r/feedthebeast,399243,152,55,False
r/functionalprint,398523,106,43,False
r/Berserk,397469,148,42,False
r/newzealand,393392,113,40,False
r/sanfrancisco,393283,145,49,False
r/mallninjashit,391197,40,18,False
r/animation,390936,194,78,False
r/CrusaderKings,390660,141,50,False
r/imaginarymaps,388126,243,73,False
r/Persona5,387960,159,53,False
r/HowToHack,387930,232,64,False
r/mathmemes,387641,156,32,False
r/MasterReturns,385695,67,29,False
r/totalwar,385442,179,46,False
r/fuckcars,384192,138,35,False
r/IndiaNostalgia,383990,235,77,False
r/restofthefuckingowl,383533,39,16,False
r/youdontsurf,383496,329,35,False
r/trashpandas,381354,141,51,False
r/torontoraptors,380953,164,57,False
r/traaaaaaannnnnnnnnns,378903,129,36,False
r/fo76,377913,66,22,False
r/gaybros,377070,133,40,False
r/rance,376039,179,51,False
r/legostarwars,373574,149,50,False
r/SapphoAndHerFriend,373298,59,22,False
r/Catculations,373279,162,38,False
r/Kombucha,372718,92,35,False
r/Michigan,371441,146,46,False
r/ChainsawMan,370231,225,53,False
r/SteamDeck,363150,71,27,False
r/shittyreactiongifs,362722,99,32,False
r/IndianGaming,360792,134,51,False
r/PartyParrot,354342,161,46,False
r/Warthunder,353763,110,38,False
r/Christianity,351902,67,28,False
r/trebuchetmemes,349545,65,24,False
r/titanfall,346411,110,40,False
r/Austin,345112,128,32,False
r/reactjs,338741,206,69,False
r/gay,338466,224,46,False
r/shittyrainbow6,336531,93,38,False
r/motivation,333033,148,51,False
r/EliteDangerous,332320,101,36,False
r/Unity3D,330476,236,75,False
r/absolutelynotmeirl,327764,139,39,False
r/PlayStationPlus,325819,224,37,False
r/religiousfruitcake,323882,137,47,False
r/Idiotswithguns,318616,143,45,False
r/MURICA,316582,67,25,False
r/SupermodelCats,314169,38,16,False
r/occult,313594,165,49,False
r/curledfeetsies,312697,28,11,False
r/washingtondc,312064,134,50,False
r/fixedbytheduet,310969,186,67,False
r/MTB,308065,165,63,False
r/synthesizers,307659,104,39,False
r/Gunners,300987,210,59,False
r/Portland,299046,102,38,False
r/musicproduction,295021,109,42,False
r/premed,292685,123,42,False
r/Rabbits,292253,140,39,False
r/WeatherGifs,291060,339,36,False
r/Konosuba,290227,255,59,False
r/lingling40hrs,289887,73,29,False
r/motogp,289502,259,64,False
r/arresteddevelopment,289375,70,29,False
r/java,287665,212,59,False
r/learnmachinelearning,287562,236,70,False
r/Monero,287494,173,53,False
r/xqcow,285992,103,42,False
r/discordVideos,285640,201,72,False
r/goldenretrievers,284622,66,27,False
r/EntrepreneurRideAlong,284469,248,54,False
r/simracing,282628,84,33,False
r/radiohead,282329,96,32,False
r/linuxmasterrace,279271,109,38,False
r/skamtebord,277565,56,19,False
r/JDM,277442,139,43,False
r/wokekids,277437,42,19,False
r/eagles,276095,136,41,False
r/vexillologycirclejerk,273523,61,20,False
r/fakedisordercringe,272979,88,39,False
r/F1Porn,272345,166,36,False
r/Iamactuallyverybadass,271996,139,38,False
r/logodesign,269875,284,58,False
r/rally,268448,218,53,False
r/Eminem,266188,184,58,False
r/ProperAnimalNames,264509,120,43,False
r/boomershumor,259612,101,22,False
r/HIMYM,259251,104,40,False
r/leanfire,258352,148,55,False
r/Anarchism,256864,124,44,False
r/fountainpens,255962,120,45,False
r/Jazz,255888,186,54,False
r/minnesota,254919,131,47,False
r/guitarlessons,254830,179,51,False
r/AvatarMemes,253165,129,47,False
r/Deltarune,248810,204,60,False
r/titanfolk,247334,143,48,False
r/linux_gaming,244944,218,42,False
r/OkCupid,243052,194,32,False
r/cpp,241072,196,53,False
r/horizon,238751,134,37,False
r/KingOfTheHill,234715,145,39,False
r/Firearms,234571,197,49,False
r/flying,234353,159,56,False
r/poker,233595,172,44,False
r/gamecollecting,230979,90,35,False
r/interesting,230904,255,61,False
r/nova,230016,125,44,False
r/steelers,229519,157,54,False
r/rust,225493,210,54,False
r/MrRobot,225121,156,41,False
r/berlin,224347,122,39,False
r/evangelionmemes,222137,175,45,False
r/Infographics,222077,202,51,False
r/learnjavascript,222067,235,65,False
r/F1Technical,221689,199,62,False
r/modnews,221591,435,65,False
r/sffpc,221156,113,39,False
r/modelmakers,219944,193,65,False
r/distressingmemes,217664,189,50,False
r/wisconsin,211016,152,43,False
r/WarplanePorn,208668,331,77,False
r/Netherlands,208147,83,34,False
r/duolingo,208104,45,19,False
r/Amsterdam,205638,130,52,False
r/travisscott,204829,101,40,False
r/SampleSize,201586,236,77,False
r/physicsgifs,200285,236,57,False
r/robotics,199170,203,66,False
r/SiegeAcademy,195765,130,44,False
r/pan,195759,174,28,False
r/agedlikewine,195559,28,12,False
r/F1Game,194041,118,48,False
r/notmycat,193267,82,34,False
r/minnesotavikings,192184,161,46,False
r/standardissuecat,189642,147,48,False
r/Floof,188270,152,49,False
r/drums,187322,170,53,False
r/DankLeft,187129,219,49,False
r/Crypto_com,186000,153,40,False
r/opensource,185978,180,54,False
r/MacroPorn,185324,233,69,False
r/PeakyBlinders,183942,191,60,False
r/Layer,183252,158,49,False
r/foxes,182362,261,61,False
r/BatmanArkham,181761,120,39,False
r/progun,181023,154,45,False
r/Wordpress,180397,145,49,False
r/CatsBeingCats,178297,348,20,False
r/Mid_Century,177961,168,66,False
r/Minneapolis,175627,136,42,False
r/NFA,175524,220,67,False
r/PokemonUnite,171171,120,46,False
r/ParlerWatch,170734,269,49,False
r/fifthworldproblems,170143,162,45,False
r/kittens,169709,83,35,False
r/firefox,169428,122,44,False
r/ToolBand,168819,140,47,False
r/Imposter,168813,56,25,False
r/Gameboy,167408,98,36,False
r/newyorkcity,166743,189,61,False
r/sciences,166187,389,30,False
r/ChineseLanguage,164789,245,60,False
r/CapitolConsequences,161653,359,65,False
r/tampa,161513,178,53,False
r/Business_Ideas,160315,136,39,False
r/aaaaaaacccccccce,160304,146,27,False
r/FallenOrder,159651,91,32,False
r/physicsmemes,158726,125,48,False
r/CorporateFacepalm,158186,67,25,False
r/PHP,156263,212,57,False
r/thinkpad,155756,79,32,False
r/SonyAlpha,155293,192,67,False
r/ECE,154880,146,48,False
r/bengals,154560,190,60,False
r/deathgrips,152167,81,32,False
r/Sandwiches,151721,179,68,False
r/Honda,150864,124,50,False
r/HumanTippyTaps,149844,60,26,False
r/n64,148694,101,38,False
r/Political_Revolution,147394,279,60,False
r/notdisneyvacation,147306,310,34,False
r/MarchAgainstNazis,147119,375,25,False
r/W2S,146625,65,27,False
r/shittymobilegameads,146614,50,22,False
r/TwinCities,146357,155,49,False
r/chloe,146100,500,2,False
r/neoliberal,145240,149,55,False
r/2020PoliceBrutality,144551,254,53,False
r/ems,144457,148,54,False
r/Morrowind,144406,194,56,False
r/scuba,139136,152,53,False
r/iRacing,138377,131,47,False
r/Sherlock,137633,179,46,False
r/extremelyinfuriating,134367,56,21,False
r/guitarporn,133517,69,29,False
r/BitchImATrain,132678,121,44,False
r/Unity2D,131327,290,92,False
r/deathnote,129441,126,35,False
r/thebutton,129217,64,29,False
r/linuxmemes,129039,88,36,False
r/gofundme,124775,56,22,False
r/iOSProgramming,124737,231,60,False
r/lastweektonight,124482,121,40,False
r/DesignDesign,123696,100,41,False
r/WebGames,119884,92,33,False
r/telescopes,119384,219,63,False
r/GhanaSaysGoodbye,118666,141,51,False
r/WorldOfWarships,118428,196,70,False
r/morbidlybeautiful,118316,152,40,False
r/motorcycle,118199,95,38,False
r/taoism,118043,221,53,False
r/Bikeporn,116337,221,56,False
r/Windows11,115138,201,66,False
r/auckland,109990,123,40,False
r/django,109540,227,57,False
r/BlackLivesMatter,109405,244,44,False
r/css,108823,218,56,False
r/SideProject,106437,127,57,False
r/WRX,105506,129,35,False
r/turning,104595,192,78,False
r/80sdesign,101863,269,54,False
r/Drizzy,101529,214,68,False
r/Cinema4D,100916,291,81,False
r/illusionporn,100247,165,46,False
r/kde,97791,275,47,False
r/oklahoma,97245,133,45,False
r/iPhoneography,96761,133,48,False
r/politecats,95099,136,55,False
r/BeamNG,93042,166,52,False
r/Horses,92948,151,54,False
r/DetroitBecomeHuman,92428,188,56,False
r/ShittyMapPorn,91824,140,38,False
r/lithuania,90712,183,60,False
r/CircleofTrust,90027,4,1,False
r/GuitarAmps,89456,96,35,False
r/tiktokcringemoment,88821,309,67,False
r/uwaterloo,88345,180,62,False
r/ContraPoints,87516,211,49,False
r/Blizzard,87419,47,16,False
r/foundsatan,86930,119,49,False
r/ElectroBOOM,86686,115,45,False
r/LoveForLandlords,86353,167,53,False
r/BlackMetal,86275,224,50,False
r/popheadscirclejerk,86238,216,64,False
r/CatsEnjoyingPets,86217,240,62,False
r/ProgrammingLanguages,85265,237,57,False
r/acting,84969,152,51,False
r/BasicIncome,84872,351,38,False
r/YangForPresidentHQ,84848,204,53,False
r/Blink182,84442,158,59,False
r/exjw,84408,147,62,False
r/badlinguistics,84311,129,53,False
r/Wonderlands,83726,84,36,False
r/regularshow,83678,197,45,False
r/ClimateActionPlan,83638,316,42,False
r/trance,83312,181,58,False
r/DeathByMillennial,82770,152,51,False
r/JoeBiden,81507,212,56,False
r/mkbhd,79903,154,60,False
r/TrueSTL,79670,265,62,False
r/ModSupport,74438,179,57,False
r/SpaceXMasterrace,74301,239,75,False
r/cosmology,74160,226,40,False
r/Archero,73768,153,47,False
r/Lexus,73511,124,41,False
r/tales,70315,237,71,False
r/submarines,70242,294,46,False
r/generative,68317,327,93,False
r/changelog,65451,465,51,False
r/Trumpvirus,64865,369,50,False
r/DataArt,64779,319,52,False
r/shanghai,64364,240,66,False
r/PhysicsStudents,63958,140,41,False
r/carscirclejerk,62708,147,54,False
r/UncleRoger,62033,106,45,False
r/Mizkif,61847,135,46,False
r/behindthebastards,61199,181,59,False
r/diypedals,61146,212,70,False
r/pop_os,60501,133,40,False
r/VoteBlue,60497,399,39,False
r/VaushV,59065,224,63,False
r/cyberDeck,58272,217,76,False
r/CrossView,58088,262,52,False
r/LockdownSkepticism,55899,232,61,False
r/SeriousConversation,54770,69,26,False
r/Drumming,53570,248,61,False
r/ThanksObama,52792,114,39,False
r/caps,51968,199,60,False
r/progrockmusic,51318,229,68,False
r/okbuddyreiner,48537,222,67,False
r/pitchforkemporium,47908,144,44,False
r/technicalminecraft,47499,248,75,False
r/RedBullRacing,46690,294,52,False
r/diysound,46493,218,71,False
r/aviationmemes,44059,196,56,False
r/providence,43239,225,64,False
r/AIDungeon,43144,150,48,False
r/dunememes,42744,174,63,False
r/Barotrauma,42723,205,53,False
r/KeepOurNetFree,41789,377,32,False
r/fuckepic,41648,238,65,False
r/QuestPiracy,41622,130,37,False
r/occupywallstreet,39717,192,46,False
r/CatsAndPlants,39340,108,42,False
r/ScienceTeachers,36937,174,57,False
r/redditsecurity,34569,35,6,False
r/psytrance,34415,195,62,False
r/thesidehustle,34397,222,57,False
r/termux,33253,287,64,False
r/finalfantasyx,32105,183,59,False
r/boostedboards,30388,183,56,False
r/hopeposting,29996,222,72,False
r/redesign,29241,122,36,False
r/uspolitics,28979,382,47,False
r/WatchPeopleCode,28807,364,61,False
r/Dreamtheater,27435,320,45,False
r/Cosmos,26660,235,48,False
r/ecomi,26385,291,75,False
r/vintagecgi,25365,351,58,False
r/mantids,24465,245,68,False
r/yuumimains,24104,189,66,False
r/risa,24004,324,68,False
r/Harambe,22933,97,36,False
r/streeto,22724,332,76,False
r/BigBrownCocks,22031,328,44,False
r/FirefoxCSS,21800,228,64,False
r/duluth,21798,227,76,False
r/FormulaBuddyRetard,20416,328,68,False
r/stateofMN,20164,389,56,False
r/McLarenFormula1,19936,276,61,False
r/avatartrading,19793,285,81,False
r/SurvivalGaming,18635,323,70,False
r/vjing,18131,330,66,False
r/nightcafe,18027,250,74,False
r/TechnicalDeathMetal,16289,323,61,False
r/Andromeda321,16036,499,1,False
r/MisterBald,15959,205,55,False
r/SubredditAdoption,15484,24,3,False
r/videosynthesis,15469,401,65,False
r/drumline,14590,244,71,False
r/CitizensClimateLobby,14417,477,9,False
r/beneater,13910,303,76,False
r/guitarpedalsjerk,13677,225,63,False
r/starryai,13491,257,66,False
r/HappyPitbull,13339,309,62,False
r/CatTrap,12914,146,60,False
r/pcbuilding,12798,115,50,False
r/dalmatians,12208,234,80,False
r/TBI,11909,185,67,False
r/ADTR,11076,225,64,False
r/fo4vr,9151,287,62,False
r/Pimax,9020,303,75,False
r/Phanteks,8620,154,60,False
r/Hyderabad_hookups,8399,389,61,False
r/thisshitistight,8321,338,69,False
r/uvtrade,6768,353,68,False
r/MetalDrums,5552,318,68,False
r/pengu,5155,500,1,False
r/stripe,5029,120,21,False
r/KTMDuke,4762,215,80,False
r/newgrowers,4367,324,77,False
r/TracingInsights,2822,306,7,False
r/neocentrism,2673,342,48,False
r/ECEComponentExchange,2573,66,20,False
r/freewill,2372,253,52,False
r/BottleNeck,2291,475,11,False
r/Daytroopin,1925,458,32,False
r/vi,1309,246,1,False
r/netpolitics,861,493,8,False
r/GrassrootsLongevity,282,465,10,False
r/ZadocPaet,237,468,3,False
r/interlingue,162,182,15,False
r/MoneroTipsBot,63,4,1,False
r/Avieshek,34,8,1,False
r/MalaysiaCentrist,29,65,1,False
r/FaviFake,27,3,1,False
r/TaoMastery,6,36,2,False
r/u_ZadocPaet,0,10,1,False
r/u_PieChartPirate,0,28,1,False
r/u_Kronyzx,0,3,1,False
r/u_Morchel03,0,123,1,False
r/u_MyNameGifOreilly,0,4,1,False
r/u_MyNameIsGriffon,0,36,1,False
r/u_NiceCasualRedditGuy,0,17,1,False
r/u_Pazluz,0,2,1,False
r/u_PeterL1nch,0,10,1,False
r/u_PorkyPain,0,8,1,False
r/u_Herbies_Seeds,0,4,1,False
r/u_RampChurch,0,4,1,False
r/u_SerAntwon,0,120,1,False
r/u_ShaneH7646,0,21,1,False
r/u_ShrekkingHandsome,0,10,1,False
r/u_SirT6,0,57,1,False
r/u_SrGrafo,0,500,1,False
r/u_I_Am_Err00r,0,3,1,False
r/u_GravyxNips,0,8,1,False
r/u__workchronicles,0,14,1,False
r/u_CAP_X,0,7,1,False
r/u_ADAMWARLOCK707,0,5,1,False
r/u_ALoBoi_Music,0,58,1,False
r/u_Alzward,0,5,1,False
r/u_Andromeda321,0,264,1,False
r/u_BOSSBABY33,0,2,1,False
r/u_BroderzYt,0,4,1,False
r/u_Chispy,0,22,1,False
r/u_Georgy_K_Zhukov,0,7,1,False
r/u_ConsciousPatroller,0,3,1,False
r/u_Dansydemansy,0,4,1,False
r/u_DesMephisto,0,10,1,False
r/u_EnterpriseNews_Elf,0,2,1,False
r/u_FaviFake,0,2,1,False
r/u_GallowBoob,0,424,1,False
r/u_Thibson34,0,50,1,False
r/u_Thryloz,0,4,1,False
r/u_Tokyono,0,2,1,False
r/u_TracingInsights,0,3,1,False
r/u_lookatnum,0,6,1,False
r/u_lazymentors,0,106,1,False
r/u_kevinowdziej,0,9,1,False
r/u_josh-mountain,0,5,1,False
r/u_etymologynerd,0,11,1,False
r/u_esberat,0,5,1,False
r/u_elch3w,0,21,1,False
r/u_eastcoastitnotes,0,29,1,False
r/u_dickfromaccounting,0,33,1,False
r/u_delusionsheeep,0,5,1,False
r/u_dcxr,0,97,1,False
r/u_bendubberley_,0,4,1,False
r/u_asanefeed,0,3,1,False
r/u_ajamesmccarthy,0,23,1,False
r/u_achilles-_-23,0,4,1,False
r/u_mattreyu,0,2,1,False
r/u_matts41,0,15,1,False
r/u_mymexicanshrek,0,3,1,False
r/u_tfoust10,0,113,1,False
r/u_TwasAnChild,0,4,1,False
r/u_Unicornglitteryblood,0,500,1,False
r/u_Unique_District_9381,0,20,1,False
r/u_XenoGamer27,0,6,1,False
r/u_winkysocks21,0,3,1,False
r/u_tszdabee,0,2,1,False
r/u_subins2000,0,2,1,False
r/u_nicolebun,0,69,1,False
r/u_sloth_on_meth,0,46,1,False
r/u_shittymorph,0,30,1,False
r/u_rightcoastguy,0,115,1,False
r/u_prestidigitator97,0,4,1,False
r/u_phd_dude,0,3,1,False
r/u_pdwp90,0,500,1,False
r/u_My_Memes_Will_Cure_U,0,3,1,False
