subreddit,subreddit_subscribers
announcements,202483890
funny,48090486
AskReddit,40232984
gaming,36481971
aww,33649385
Music,32037920
worldnews,31247224
todayilearned,31032066
movies,30610149
pics,29877872
science,29770101
Showerthoughts,26882718
videos,26681009
news,25941875
memes,24740334
space,22943291
books,22324909
nottheonion,22129272
LifeProTips,21891263
gifs,21607591
gadgets,21137446
sports,20616616
GetMotivated,19704732
dataisbeautiful,19408754
UpliftingNews,18930409
Futurology,18332154
listentothis,17829983
OldSchoolCool,17587418
philosophy,17176190
television,16724598
InternetIsBeautiful,16428707
technology,13939327
TwoXChromosomes,13524965
wholesomememes,13483822
interestingasfuck,11271241
Unexpected,9920398
Damnthatsinteresting,9200303
oddlysatisfying,9165062
politics,8293502
nextfuckinglevel,7781622
MadeMeSmile,7397724
travel,7396624
pcmasterrace,7333245
facepalm,7004150
WTF,6975794
leagueoflegends,6241900
CryptoCurrency,6172278
BeAmazed,6167062
BlackPeopleTwitter,5632477
PS4,5601736
mildlyinfuriating,5456962
bestof,5361357
programming,5275259
rarepuppers,4663765
BikiniBottomTwitter,4535033
NintendoSwitch,4497143
PublicFreakout,4476101
pokemon,4339152
soccer,4112974
IdiotsInCars,4100881
KidsAreFuckingStupid,4054880
apple,4019466
xboxone,4009908
MovieDetails,3972711
iphone,3810091
blackmagicfuckery,3792700
learnprogramming,3748816
socialskills,3334301
howto,3193500
Wellthatsucks,3186412
Games,3181924
Economics,3171530
OutOfTheLoop,3148722
pcgaming,3098059
marvelstudios,3075284
PS5,2971060
formula1,2965626
assholedesign,2963522
WhitePeopleTwitter,2840103
ProgrammerHumor,2828437
MurderedByWords,2803121
DestinyTheGame,2751317
rickandmorty,2708238
anime_irl,2680226
PeopleFuckingDying,2602923
PrequelMemes,2367298
wow,2320142
Coronavirus,2285712
nintendo,2182255
Physics,2178076
DunderMifflin,2101144
iamatotalpieceofshit,2035918
trees,1948168
LivestreamFail,1942936
softwaregore,1846834
manga,1832599
motorcycles,1798700
CasualUK,1650549
webdev,1551694
psychology,1454658
thalassophobia,1298226
privacy,1296456
ANormalDayInRussia,1210506
aviation,1140418
reddeadredemption,1032225
wholesomegifs,1015626
economy,982467
StupidFood,955177
linux,813841
electronics,801382
sysadmin,779733
futurama,753607
web_design,752891
technews,634792
disneyvacation,623075
Gamingcirclejerk,599995
PoliticalCompassMemes,571391
h3h3productions,562887
tech,546727
dontyouknowwhoiam,518755
coding,489788
marketing,474670
cordcutters,470537
Neverbrokeabone,439818
EverythingScience,436629
UkrainianConflict,421159
Berserk,397285
IndianGaming,359815
curledfeetsies,312666
WeatherGifs,291037
Konosuba,290229
minnesota,254819
guitarlessons,254732
interesting,229625
rust,225349
F1Technical,221215
duolingo,207931
SampleSize,201540
drums,187248
Mid_Century,177857
neoliberal,145201
css,108799
SideProject,106393
politecats,95080
BasicIncome,84878
DeathByMillennial,82764
Trumpvirus,64843
redesign,29239
SurvivalGaming,18619
uvtrade,6763
GrassrootsLongevity,282
Avieshek,34
MalaysiaCentrist,29
u_phd_dude,0
u_asanefeed,0
u_Tokyono,0
u_MyNameIsGriffon,0
u_EnterpriseNews_Elf,0
u_pdwp90,0
