id,depth
r/programming,0
r/pics,1
r/gifs,1
r/funny,1
r/WeatherGifs,1
r/Physics,1
r/privacy,1
r/worldnews,1
r/science,1
r/news,1
r/ProgrammerHumor,1
r/linux,1
r/MalaysiaCentrist,1
r/learnprogramming,1
r/softwaregore,1
r/pcgaming,1
r/tech,1
r/oddlysatisfying,1
r/PS5,1
r/rust,1
r/electronics,1
r/web_design,1
r/trees,1
r/wow,1
r/neoliberal,1
r/InternetIsBeautiful,1
r/Games,1
r/WTF,1
r/technology,1
r/technews,1
r/dataisbeautiful,1
r/F1Technical,1
r/UpliftingNews,1
r/Futurology,1
r/todayilearned,1
r/StupidFood,1
r/coding,1
r/philosophy,1
r/motorcycles,1
r/drums,1
r/gaming,1
r/bestof,1
r/politics,1
r/CryptoCurrency,1
r/LifeProTips,1
r/engineering,2
r/askscience,2
r/sweden,2
r/povertyfinance,2
r/shittymobilegameads,2
r/engrish,2
r/smashbros,2
r/MakeMeSuffer,2
r/Steam,2
r/DIY,2
r/perfectloops,2
r/somethingimade,2
r/GuitarAmps,2
r/diypedals,2
r/MechanicalKeyboards,2
r/vintagecgi,2
r/dunememes,2
r/raspberry_pi,2
r/submechanophobia,2
r/functionalprint,2
r/beneater,2
r/BeforeNAfterAdoption,2
r/thisismylifenow,2
r/Zoomies,2
r/gardening,2
r/blender,2
r/AnarchyChess,2
r/AdPorn,2
r/logodesign,2
r/graphic_design,2
r/FirefoxCSS,2
r/DotA2,2
r/thewalkingdead,2
r/Minecraft,2
r/EngineeringStudents,2
r/lakers,2
r/startups,2
r/EntrepreneurRideAlong,2
r/u_lazymentors,2
r/Anticonsumption,2
r/ProRevenge,2
r/buildapc,2
r/pornID,2
r/Repsneakers,2
r/ADHD,2
r/WhatsWrongWithYourDog,2
r/Barotrauma,2
r/homelab,2
r/Gameboy,2
r/AvatarMemes,2
r/outrun,2
r/lego,2
r/Funnymemes,2
r/weed,2
r/YouShouldKnow,2
r/sffpc,2
r/Amd,2
r/hardware,2
r/shitposting,2
r/ShittyMapPorn,2
r/boostedboards,2
r/RimWorld,2
r/AbsoluteUnits,2
r/JusticeServed,2
r/MURICA,2
r/u_GallowBoob,2
r/MostBeautiful,2
r/CorporateFacepalm,2
r/nevertellmetheodds,2
r/synthesizers,2
r/SteamDeck,2
r/n64,2
r/extremelyinfuriating,2
r/gamecollecting,2
r/ECEComponentExchange,2
r/technicalminecraft,2
r/legostarwars,2
r/DesignDesign,2
r/PartyParrot,2
r/diysound,2
r/unpopularopinion,2
r/cats,2
r/ElectroBOOM,2
r/nostalgia,2
r/cyberDeck,2
r/unixporn,2
r/hacking,2
r/linuxmasterrace,2
r/thinkpad,2
r/PHP,2
r/nvidia,2
r/Rabbits,2
r/homeautomation,2
r/agedlikewine,2
r/regularshow,2
r/Badfaketexts,2
r/Catswithjobs,2
r/fffffffuuuuuuuuuuuu,2
r/OnePunchMan,2
r/investing,2
r/maybemaybemaybe,2
r/AnimalsBeingBros,2
r/insanepeoplefacebook,2
r/oldpeoplefacebook,2
r/boomershumor,2
r/Sandwiches,2
r/ThatsInsane,2
r/Crypto_com,2
r/StrangerThings,2
r/quityourbullshit,2
r/vexillologycirclejerk,2
r/youseeingthisshit,2
r/WeWantPlates,2
r/AbruptChaos,2
r/lostredditors,2
r/fakedisordercringe,2
r/religiousfruitcake,2
r/tiktokcringemoment,2
r/technicallythetruth,2
r/antiwork,2
r/berlin,2
r/CombatFootage,2
r/mildlyinteresting,2
r/Genshin_Impact,2
r/Animemes,2
r/2020PoliceBrutality,2
r/Bad_Cop_No_Donut,2
r/photoshopbattles,2
r/TIHI,2
r/TalesFromRetail,2
r/poker,2
r/LSD,2
r/TBI,2
r/MarchAgainstNazis,2
r/entertainment,2
r/starterpacks,2
r/psytrance,2
r/gtaonline,2
r/unitedkingdom,2
r/ecomi,2
r/cyberpunkgame,2
r/aaaaaaacccccccce,2
r/fixedbytheduet,2
r/OnePiece,2
r/antimeme,2
r/meirl,2
r/yesyesyesno,2
r/CrappyDesign,2
r/lgbt,2
r/DankLeft,2
r/neocentrism,2
r/vexillology,2
r/ChoosingBeggars,2
r/torontoraptors,2
r/yesyesyesyesno,2
r/IASIP,2
r/ParlerWatch,2
r/iamverysmart,2
r/ShitPostCrusaders,2
r/titanfolk,2
r/ChainsawMan,2
r/TheMandalorianTV,2
r/imaginarymaps,2
r/PropagandaPosters,2
r/ToiletPaperUSA,2
r/4chan,2
r/cars,2
r/whenthe,2
r/ComedyNecrophilia,2
r/teenagers,2
r/ffxiv,2
r/u_DesMephisto,2
r/thanosdidnothingwrong,2
r/popping,2
r/horizon,2
r/ems,2
r/risa,2
r/bonehurtingjuice,2
r/fo76,2
r/hopeposting,2
r/bengals,2
r/totalwar,2
r/ContraPoints,2
r/VaushV,2
r/JoeBiden,2
r/hiphopheads,2
r/Idiotswithguns,2
r/KingOfTheHill,2
r/Portland,2
r/LoveForLandlords,2
r/YangForPresidentHQ,2
r/Deltarune,2
r/u_tszdabee,2
r/AskOuija,2
r/HighQualityGifs,2
r/CasualConversation,2
r/deathnote,2
r/assassinscreed,2
r/Stoicism,2
r/Gunners,2
r/WritingPrompts,2
r/simpleliving,2
r/Netherlands,2
r/Amsterdam,2
r/pcbuilding,2
r/seduction,2
r/FreeKarma4U,2
r/Archero,2
r/Buddhism,2
r/learnpython,2
r/FaviFake,2
r/u_FaviFake,2
r/london,2
r/BitchImATrain,2
r/QuestPiracy,2
r/SeriousConversation,2
r/tampa,2
r/iOSProgramming,2
r/FunnyAnimals,2
r/u_subins2000,2
r/StartledCats,2
r/TheLastAirbender,2
r/ProgrammingLanguages,2
r/linuxmemes,2
r/Pareidolia,2
r/linux_gaming,2
r/baseball,2
r/iPhoneography,2
r/EliteDangerous,2
r/pettyrevenge,2
r/blunderyears,2
r/termux,2
r/discordapp,2
r/Twitch,2
r/teslamotors,2
r/occult,2
r/getdisciplined,2
r/productivity,2
r/anime,2
r/SubredditDrama,2
r/okbuddyretard,2
r/MealPrepSunday,2
r/Persona5,2
r/britishproblems,2
r/xqcow,2
r/apexlegends,2
r/TrueSTL,2
r/Morrowind,2
r/ClashOfClans,2
r/interlingue,2
r/dankchristianmemes,2
r/newzealand,2
r/popheadscirclejerk,2
r/SapphoAndHerFriend,2
r/pop_os,2
r/gaybros,2
r/gay,2
r/whatsthisplant,2
r/firefox,2
r/MachineLearning,2
r/GameDeals,2
r/cpp,2
r/ketorecipes,2
r/audiophile,2
r/Monero,2
r/playstation,2
r/standardissuecat,2
r/PUBATTLEGROUNDS,2
r/restofthefuckingowl,2
r/CrazyIdeas,2
r/Blizzard,2
r/place,2
r/fuckepic,2
r/ABoringDystopia,2
r/tennis,2
r/business,2
r/theydidthemath,2
r/greentext,2
r/gamernews,2
r/RoomPorn,2
r/carporn,2
r/newyorkcity,2
r/u_tfoust10,2
r/u_Pazluz,2
r/u_esberat,2
r/u_PorkyPain,2
r/PlayStationPlus,2
r/AmateurRoomPorn,2
r/u_I_Am_Err00r,2
r/tales,2
r/thisshitistight,2
r/u_Andromeda321,2
r/fifthworldproblems,2
r/196,2
r/physicsmemes,2
r/PhysicsStudents,2
r/physicsgifs,2
r/Justfuckmyshitup,2
r/trashy,2
r/educationalgifs,2
r/Andromeda321,2
r/Simulated,2
r/hmmm,2
r/mealtimevideos,2
r/Infographics,2
r/MEOW_IRL,2
r/coolguides,2
r/Harambe,2
r/CrusaderKings,2
r/perfectlycutscreams,2
r/ihadastroke,2
r/SpaceXMasterrace,2
r/DataArt,2
r/mechanical_gifs,2
r/math,2
r/u_rightcoastguy,2
r/u_eastcoastitnotes,2
r/u_SerAntwon,2
r/u__workchronicles,2
r/dalmatians,2
r/dadjokes,2
r/Cinema4D,2
r/dogswithjobs,2
r/ThingsCutInHalfPorn,2
r/nonononoyes,2
r/PerfectTiming,2
r/wisconsin,2
r/ProperAnimalNames,2
r/rance,2
r/RetroFuturism,2
r/foundsatan,2
r/u_ALoBoi_Music,2
r/TheSimpsons,2
r/atheism,2
r/mantids,2
r/FellowKids,2
r/cosmology,2
r/doctorwho,2
r/chemicalreactiongifs,2
r/chemistry,2
r/Android,2
r/savedyouaclick,2
r/catsareliquid,2
r/uspolitics,2
r/occupywallstreet,2
r/HongKong,2
r/KeepOurNetFree,2
r/ich_iel,2
r/u_josh-mountain,2
r/netpolitics,2
r/creepy,2
r/ArchitecturePorn,2
r/AskHistorians,2
r/sciences,2
r/Naruto,2
r/firstworldanarchists,2
r/circlejerk,2
r/newgrowers,2
r/u_Herbies_Seeds,2
r/confession,2
r/FunnyandSad,2
r/DataHoarder,2
r/finalfantasyx,2
r/Cyberpunk,2
r/vjing,2
r/nova,2
r/ScienceTeachers,2
r/BetterEveryLoop,2
r/uwaterloo,2
r/kde,2
r/WatchandLearn,2
r/de,2
r/UFOs,2
r/HighStrangeness,2
r/australia,2
r/BritishSuccess,2
r/explainlikeimfive,2
r/labrats,2
r/mathmemes,2
r/sciencememes,2
r/Political_Revolution,2
r/Piracy,2
r/cybersecurity,2
r/canada,2
r/geek,2
r/freewill,2
r/videosynthesis,2
r/ImaginaryLandscapes,2
r/XboxSeriesX,2
r/Whatcouldgowrong,2
r/TaoMastery,2
r/taoism,2
r/environment,2
r/HumansBeingBros,2
r/Unity3D,2
r/bayarea,2
r/oklahoma,2
r/mkbhd,2
r/PoliticalHumor,2
r/ClimateActionPlan,2
r/rareinsults,2
r/vegan,2
r/NoahGetTheBoat,2
r/Overwatch,2
r/u_PieChartPirate,2
r/nfl,2
r/u_lookatnum,2
r/u_matts41,2
r/PremierLeague,2
r/dankmemes,2
r/Phanteks,2
r/Documentaries,2
r/u_BroderzYt,2
r/cute,2
r/blackmagicfuckery,2
r/Trumpvirus,2
r/DunderMifflin,2
r/iamatotalpieceofshit,2
r/u_MyNameIsGriffon,2
r/gadgets,2
r/Economics,2
r/uvtrade,2
r/BeAmazed,2
r/travel,2
r/listentothis,2
r/GrassrootsLongevity,2
r/facepalm,2
r/iphone,2
r/UkrainianConflict,2
r/EverythingScience,2
r/wholesomegifs,2
r/funnysigns,2
r/MapPorn,2
r/DidntKnowIWantedThat,2
r/toastme,2
r/europe,2
r/CatastrophicFailure,2
r/PraiseTheCameraMan,2
r/Warthunder,2
r/lifehacks,2
r/confusing_perspective,2
r/AccidentalRenaissance,2
r/ThatLookedExpensive,2
r/McLarenFormula1,2
r/RedBullRacing,2
r/Windows11,2
r/lithuania,2
r/BatmanArkham,2
r/discordVideos,2
r/HumansAreMetal,2
r/dankvideos,2
r/Austin,2
r/GlobalOffensive,2
r/VALORANT,2
r/u_PeterL1nch,2
r/bjj,2
r/Art,2
r/spacex,2
r/Neverbrokeabone,2
r/oddlyterrifying,2
r/formuladank,2
r/agedlikemilk,2
r/BlackLivesMatter,2
r/WatchPeopleDieInside,2
r/marvelmemes,2
r/BrandNewSentence,2
r/freefolk,2
r/PandR,2
r/community,2
r/HIMYM,2
r/hiking,2
r/LearnUselessTalents,2
r/StarWars,2
r/spaceporn,2
r/3Dprinting,2
r/shittyrobots,2
r/Horses,2
r/simracing,2
r/iRacing,2
r/ADTR,2
r/LateStageCapitalism,2
r/cringepics,2
r/FortNiteBR,2
r/ShingekiNoKyojin,2
r/Avieshek,2
r/cordcutters,2
r/css,2
r/psychology,2
r/Mid_Century,2
r/duolingo,2
r/webdev,2
r/SampleSize,2
r/thalassophobia,2
r/BasicIncome,2
r/socialskills,2
r/marketing,2
r/u_phd_dude,2
r/interesting,2
r/u_asanefeed,2
r/BlackPeopleTwitter,2
r/movies,2
r/assholedesign,2
r/IndianGaming,2
r/politecats,2
r/OldSchoolCool,2
r/TwoXChromosomes,2
r/rarepuppers,2
r/SideProject,2
r/Wellthatsucks,2
r/space,2
r/instant_regret,2
r/minnesota,2
r/curledfeetsies,2
r/nextfuckinglevel,2
r/aww,2
r/PrequelMemes,2
r/redesign,2
r/aviation,2
r/announcements,2
r/disneyvacation,2
r/Showerthoughts,2
r/AskReddit,2
r/u_Tokyono,2
r/interestingasfuck,2
r/memes,2
r/Damnthatsinteresting,2
r/ANormalDayInRussia,2
r/MadeMeSmile,2
r/MovieDetails,2
r/u_pdwp90,2
r/mildlyinfuriating,2
r/books,2
r/howto,2
r/guitarlessons,2
r/marvelstudios,2
r/rickandmorty,2
r/Konosuba,2
r/futurama,2
r/SurvivalGaming,2
r/LivestreamFail,2
r/soccer,2
r/GetMotivated,2
r/Unexpected,2
r/KidsAreFuckingStupid,2
r/IdiotsInCars,2
r/reddeadredemption,2
r/wholesomememes,2
r/BikiniBottomTwitter,2
r/DeathByMillennial,2
r/sysadmin,2
r/WhitePeopleTwitter,2
r/economy,2
r/videos,2
r/nottheonion,2
r/PublicFreakout,2
r/u_EnterpriseNews_Elf,2
r/sports,2
r/manga,2
r/NintendoSwitch,2
r/xboxone,2
r/Coronavirus,2
r/OutOfTheLoop,2
r/television,2
r/apple,2
r/pcmasterrace,2
r/PoliticalCompassMemes,2
r/DestinyTheGame,2
r/Gamingcirclejerk,2
r/formula1,2
r/PeopleFuckingDying,2
r/h3h3productions,2
r/anime_irl,2
r/MurderedByWords,2
r/CasualUK,2
r/nintendo,2
r/dontyouknowwhoiam,2
r/PS4,2
r/Berserk,2
r/leagueoflegends,2
r/pokemon,2
r/W2S,2
r/Music,2
r/EngineeringPorn,2
r/AdviceAnimals,2
r/CatsEnjoyingPets,2
r/fountainpens,2
r/motorcycle,2
r/itookapicture,2
r/OSHA,2
r/LiminalSpace,2
r/SelfAwarewolves,2
r/LeopardsAteMyFace,2
r/drumline,2
r/me_irl,2
r/Military,2
r/ContagiousLaughter,2
r/UNBGBBIIVCHIDCTIICBG,2
r/brooklynninenine,2
r/nba,2
r/crappyoffbrands,2
r/keto,2
r/AnimalsBeingDerps,2
r/Jazz,2
r/Drumming,2
r/KTMDuke,2
r/Dreamtheater,2
r/shittyrainbow6,2
r/Tinder,2
r/LosAngeles,2
r/mallninjashit,2
r/shanghai,2
r/ChineseLanguage,2
r/Design,2
r/Bitcoin,2
r/AskMenOver30,2
r/DnD,2
r/nyc,2
r/submarines,2
r/NFA,2
r/ScottishPeopleTwitter,2
r/Firearms,2
r/therewasanattempt,2
r/natureismetal,2
r/EarthPorn,2
r/DiWHY,2
r/SweatyPalms,2
r/woodworking,2
r/MTB,2
r/shrooms,2
r/titanfall,2
r/progun,2
r/ksi,2
r/Angryupvote,2
r/IAmA,2
r/radiohead,2
r/HappyPitbull,2
r/turning,2
r/Pimax,2
r/fo4vr,2
r/auckland,2
r/motogp,2
r/zelda,2
r/chloe,2
r/u_SrGrafo,2
r/u_dickfromaccounting,2
r/comics,2
r/animation,2
r/Outdoors,2
r/Eyebleach,2
r/pengu,2
r/vi,2
r/SandersForPresident,2
r/u_Alzward,2
r/suicidebywords,2
r/toptalent,2
r/80sdesign,2
r/MetalDrums,2
r/modelmakers,2
r/ToolBand,2
r/HumanTippyTaps,2
r/progrockmusic,2
r/vinyl,2
r/caps,2
r/SquaredCircle,2
r/cringe,2
r/CatsBeingCats,2
r/kittens,2
r/poland,2
r/travisscott,2
r/Drizzy,2
r/Blink182,2
r/JDM,2
r/streeto,2
r/Lexus,2
r/lotr,2
r/Michigan,2
r/BlackMetal,2
r/TechnicalDeathMetal,2
r/guitarporn,2
r/suspiciouslyspecific,2
r/u_MyNameGifOreilly,2
r/TracingInsights,2
r/HistoryMemes,2
r/GhanaSaysGoodbye,2
r/Eminem,2
r/PeakyBlinders,2
r/JusticePorn,2
r/CapitolConsequences,2
r/blursedimages,2
r/hockey,2
r/KenM,2
r/IllegallySmolCats,2
r/malelivingspace,2
r/Terraria,2
r/traaaaaaannnnnnnnnns,2
r/avatartrading,2
r/holdmycosmo,2
r/u_SirT6,2
r/CitizensClimateLobby,2
r/NatureIsFuckingLit,2
r/fuckcars,2
r/MacroPorn,2
r/washingtondc,2
r/photography,2
r/HolUp,2
r/arduino,2
r/u_TracingInsights,2
r/clevercomebacks,2
r/carscirclejerk,2
r/exjw,2
r/BeamNG,2
r/starwarsmemes,2
r/PewdiepieSubmissions,2
r/Breath_of_the_Wild,2
r/Minecraftbuilds,2
r/pussypassdenied,2
r/rally,2
r/yuumimains,2
r/DesignPorn,2
r/F1Porn,2
r/FormulaBuddyRetard,2
r/cursedcomments,2
r/im14andthisisdeep,2
r/F1Game,2
r/ATBGE,2
r/u_Chispy,2
r/tifu,2
r/niceguys,2
r/southpark,2
r/Sherlock,2
r/Unity2D,2
r/motivation,2
r/opensource,2
r/reactjs,2
r/woahdude,2
r/changemyview,2
r/collapse,2
r/rupaulsdragrace,2
r/badlinguistics,2
r/socialism,2
r/LockdownSkepticism,2
r/Cosmos,2
r/QuotesPorn,2
r/Blep,2
r/history,2
r/Awwducational,2
r/food,2
r/tattoos,2
r/MaliciousCompliance,2
r/Justrolledintotheshop,2
r/netsec,2
r/AIDungeon,2
r/BottleNeck,2
r/comedyheaven,2
r/musicproduction,2
r/worldbuilding,2
r/Frugal,2
r/WorkReform,2
r/Jokes,2
r/ukraine,2
r/learnjavascript,2
r/Python,2
r/compsci,2
r/WatchPeopleCode,2
r/Christianity,2
r/suggestmeabook,2
r/india,2
r/java,2
r/javascript,2
r/france,2
r/Kombucha,2
r/HowToHack,2
r/learnmachinelearning,2
r/WorldOfWarships,2
r/gamedev,2
r/beer,2
r/PokemonUnite,3
r/generative,3
r/Wordpress,3
r/providence,3
r/stripe,3
r/django,3
r/thesidehustle,3
r/Business_Ideas,3
r/robotics,3
r/leanfire,3
r/scuba,3
r/WebGames,3
r/illusionporn,3
r/MisterBald,3
r/ECE,3
r/MemeEconomy,3
r/astrophotography,3
r/TheDepthsBelow,3
r/blog,3
r/modnews,3
r/u_ShaneH7646,3
r/KerbalSpaceProgram,3
r/reddit.com,3
r/skyrim,3
r/ThanksObama,3
r/lotrmemes,3
r/Daytroopin,3
r/u_Thibson34,3
r/u_CAP_X,3
r/u_Unicornglitteryblood,3
r/u_shittymorph,3
r/tumblr,3
r/2meirl4meirl,3
r/u_kevinowdziej,3
r/MasterReturns,3
r/u_NiceCasualRedditGuy,3
r/u_mymexicanshrek,3
r/germany,3
r/MrRobot,3
r/CatsAndPlants,3
r/beta,3
r/shittyreactiongifs,3
r/pitchforkemporium,3
r/trance,3
r/Fallout,3
r/PornhubComments,3
r/u_XenoGamer27,3
r/StarWarsBattlefront,3
r/u_Georgy_K_Zhukov,3
r/u_sloth_on_meth,3
r/castiron,3
r/SubredditAdoption,3
r/DadReflexes,3
r/u_ZadocPaet,3
r/ZadocPaet,3
r/personalfinance,3
r/OopsDidntMeanTo,3
r/CircleofTrust,3
r/tippytaps,3
r/foxes,3
r/AnimalsBeingJerks,3
r/Catculations,3
r/pan,3
r/BuyItForLife,3
r/ShittyLifeProTips,3
r/CatTrap,3
r/Thisismylifemeow,3
r/goldenretrievers,3
r/TwinCities,3
r/woof_irl,3
r/Kanye,3
r/reactiongifs,3
r/OkCupid,3
r/conspiracy,3
r/AteTheOnion,3
r/evilbuildings,3
r/AccidentalRacism,3
r/ThriftStoreHauls,3
r/duluth,3
r/behindthebastards,3
r/SiegeAcademy,3
r/Anarchism,3
r/VoteBlue,3
r/ihavesex,3
r/fakehistoryporn,3
r/Minneapolis,3
r/SequelMemes,3
r/holdmyjuicebox,3
r/Mommit,3
r/notmycat,3
r/TikTokCringe,3
r/FUCKYOUINPARTICULAR,3
r/Floof,3
r/SupermodelCats,3
r/gofundme,3
r/CatsStandingUp,3
r/StoppedWorking,3
r/bigtiddygothgf,3
r/BiggerThanYouThought,3
r/u_nicolebun,3
r/eagles,3
r/Wonderlands,3
r/WRX,3
r/GymMemes,3
r/EDM,3
r/blackpeoplegifs,3
r/UncleRoger,3
r/jacksepticeye,3
r/SonyAlpha,3
r/premed,3
r/lingling40hrs,3
r/stateofMN,3
r/funnyvideos,3
r/minnesotavikings,3
r/trebuchetmemes,3
r/witcher,3
r/MoneroTipsBot,3
r/evangelionmemes,3
r/u_winkysocks21,3
r/u_Dansydemansy,3
r/u_ShrekkingHandsome,3
r/u_dcxr,3
r/u_GravyxNips,3
r/distressingmemes,3
r/u_prestidigitator97,3
r/okbuddyreiner,3
r/u_Morchel03,3
r/u_achilles-_-23,3
r/u_elch3w,3
r/u_Thryloz,3
r/u_Unique_District_9381,3
r/13or30,3
r/OneSecondBeforeDisast,3
r/skamtebord,3
r/absolutelynotmeirl,3
r/u_ADAMWARLOCK707,3
r/DetroitBecomeHuman,3
r/LeagueOfMemes,3
r/u_BOSSBABY33,3
r/u_ajamesmccarthy,3
r/telescopes,3
r/u_TwasAnChild,3
r/nightcafe,3
r/starryai,3
r/FuckYouKaren,3
r/Eldenring,3
r/trashpandas,3
r/u_delusionsheeep,3
r/morbidlybeautiful,3
r/acting,3
r/intermittentfasting,3
r/u_bendubberley_,3
r/fightporn,3
r/AmongUs,3
r/MilitaryPorn,3
r/u_My_Memes_Will_Cure_U,3
r/BigBrownCocks,3
r/Hyderabad_hookups,3
r/u_Kronyzx,3
r/u_ConsciousPatroller,3
r/feedthebeast,3
r/u_etymologynerd,3
r/youdontsurf,3
r/shittymoviedetails,3
r/ModSupport,3
r/Imposter,3
r/Layer,3
r/changelog,3
r/redditsecurity,3
r/aviationmemes,3
r/IndiaNostalgia,3
r/WarplanePorn,3
r/Honda,3
r/Bikeporn,3
r/u_RampChurch,3
r/UrbanHell,3
r/instantkarma,3
r/gifsthatkeepongiving,3
r/Catswhoyell,3
r/confidentlyincorrect,3
r/steelers,3
r/AMA,3
r/flying,3
r/cscareerquestions,3
r/shittyaskscience,3
r/sanfrancisco,3
r/thebutton,3
r/self,3
r/arresteddevelopment,3
r/lastweektonight,3
r/u_mattreyu,3
r/CrossView,3
r/Iamactuallyverybadass,3
r/talesfromtechsupport,3
r/whitepeoplegifs,3
r/notinteresting,3
r/AnimalTextGifs,3
r/FallenOrder,3
r/wheredidthesodago,3
r/hearthstone,3
r/notdisneyvacation,3
r/wokekids,3
r/attackontitan,3
r/deathgrips,3
r/guitarpedalsjerk,3
r/Mizkif,3
r/trippinthroughtime,3
r/PenmanshipPorn,3
r/AnimalCrossing,3
