title,score,id,url,num_comments,created,author,upvote_ratio,permalink,subreddit,subreddit_subscribers,depth
"Nobody at my school got my costume, people even called me old for wearing it... I’ve never felt more like somebody on r/fellowkids in my life",67025,jkvtrf,https://i.redd.it/clbm0bp778w51.jpg,538,1604060942.0,Voose200,0.93,/r/FellowKids/comments/jkvtrf/nobody_at_my_school_got_my_costume_people_even/,FellowKids,1115931,2
An actually good attempt,44738,9e4dqm,https://i.redd.it/nz4xw723p0l11.jpg,558,1536413658.0,Shadowfox642,0.92,/r/FellowKids/comments/9e4dqm/an_actually_good_attempt/,FellowKids,1115931,2
My math teacher came into class with a Fortnite t-shirt on,27589,blpkry,https://i.redd.it/9hfmncpzyrw21.jpg,619,1557228725.0,Voose200,0.93,/r/FellowKids/comments/blpkry/my_math_teacher_came_into_class_with_a_fortnite/,FellowKids,1115931,2
How to sell a vehicle ...,21135,85a2dz,https://i.redd.it/smyzdp10ehm01.jpg,257,1521361149.0,PoopstarFiretruck,0.96,/r/FellowKids/comments/85a2dz/how_to_sell_a_vehicle/,FellowKids,1115931,2
My local news guys.,19751,c12v9z,https://i.redd.it/1joql9d0il431.jpg,485,1560637165.0,Phantom_Airman,0.96,/r/FellowKids/comments/c12v9z/my_local_news_guys/,FellowKids,1115931,2
A buddy of mine had this hall pass for his class.,19344,af72i1,https://i.redd.it/yww2q0f3nz921.jpg,247,1547297075.0,Phantom_Airman,0.9,/r/FellowKids/comments/af72i1/a_buddy_of_mine_had_this_hall_pass_for_his_class/,FellowKids,1115931,2
This is too much,18956,obm005,https://v.redd.it/mi1qcy0otl871,573,1625146608.0,QuarterTarget,0.93,/r/FellowKids/comments/obm005/this_is_too_much/,FellowKids,1115931,2
The ultimate fellow kids,18145,a4py0b,https://i.redd.it/beg6d9if5c321.jpg,450,1544397613.0,ajxanman,0.92,/r/FellowKids/comments/a4py0b/the_ultimate_fellow_kids/,FellowKids,1115931,2
NSW jumping on the Keanu hype,18103,bzbgnx,https://i.redd.it/tnw41wkxtp331.jpg,213,1560253747.0,Shadowfox642,0.94,/r/FellowKids/comments/bzbgnx/nsw_jumping_on_the_keanu_hype/,FellowKids,1115931,2
Petition to change this sub's upvote/downvote buttons,17589,a5ld6v,https://i.redd.it/pezval20ew321.jpg,153,1544642636.0,ajxanman,0.91,/r/FellowKids/comments/a5ld6v/petition_to_change_this_subs_upvotedownvote/,FellowKids,1115931,2
This is fucked up,17332,a6fhwa,https://i.redd.it/hx5gihb1ag421.jpg,237,1544883411.0,s0_0k,0.96,/r/FellowKids/comments/a6fhwa/this_is_fucked_up/,FellowKids,1115931,2
They’re becoming self ware,16781,7nfjol,https://i.redd.it/t2agh5tf2h701.jpg,169,1514819447.0,s0_0k,0.73,/r/FellowKids/comments/7nfjol/theyre_becoming_self_ware/,FellowKids,1115931,2
My old schools 2018 yearbook,16649,agwwoa,https://i.redd.it/q0zzqodkzya21.jpg,215,1547725010.0,QuarterTarget,0.96,/r/FellowKids/comments/agwwoa/my_old_schools_2018_yearbook/,FellowKids,1115931,2
The question has been asked,16296,9qbg3w,https://i.redd.it/y2ks5elltot11.jpg,218,1540192519.0,PoopstarFiretruck,0.95,/r/FellowKids/comments/9qbg3w/the_question_has_been_asked/,FellowKids,1115931,2
